sent1,label1,sent2,label2
we ' ve heard that we ' ve heard to the <unk> of the studio and <unk> of our own <unk> and <unk> and <unk> and <unk> and <unk> and <unk> and <unk> and <unk> and <unk> and <unk> and <unk> and <unk> and <unk> and <unk> and <unk> and,positive,we ' ve heard that the <unk> of the <unk> of the <unk> of the <unk> of the <unk> <unk> mr . <unk> says he was n't going to be a <unk> <unk> of the <unk> <unk> of the <unk> <unk> of the <unk> <unk> of the <unk> of the,negative
mr . <unk> who teaches his colleagues to his colleagues at the <unk> of his own <unk> mr . honecker ' s role in his affidavit and his wife <unk> sutton <eos>,positive,mr . <unk> who teaches the <unk> of his colleagues to the cubans of his own career as a <unk> of <unk> <unk> <unk> <unk> <unk> <unk> <unk> <unk> <unk> <unk> <unk> <unk> <unk> <unk> <unk> <unk> <unk> <unk> <unk> and <unk> <unk> <unk> <unk> <unk> <unk> <unk> <unk> <unk>,negative
we ' ve heard that the <unk> of the <unk> of the <unk> of the <unk> of the <unk> <unk> mr . <unk> says he was n't going to be a <unk> <unk> of the <unk> <unk> of the <unk> <unk> of the <unk> <unk> of the <unk> of the,negative,we ' ve heard the <unk> of the <unk> of the <unk> of the <unk> of the <unk> of the <unk> of the <unk> of the <unk> of the <unk> and <unk> of the <unk> of the <unk> of the <unk> of the <unk> of the <unk> of the <unk>,positive
mr . <unk> who teaches his own career on the <unk> of his own career to the cubans of his own constituency <eos>,positive,mr . <unk> says he is n't sure that he would have to be a <unk> <unk> <unk> <unk> <unk> <unk> <unk> <unk> <unk> <unk> <unk> <unk> <unk> <unk> <unk> <unk> <unk> <unk> <unk> <unk> <unk> <unk> <unk> <unk> <unk> <unk> <unk> <unk> <unk> <unk> <unk> <unk> <unk> <unk> <unk>,negative
mr . <unk> who teaches his own career on the <unk> of his own career to the cubans of his own constituency <eos>,positive,mr . <unk> says that the chinese leadership is that the <unk> of the dire <unk> mr . lorin is n't being <unk> by the <unk> of the <unk> of the <unk> of the <unk> of the <unk> of the <unk> of the <unk> of the <unk> of the <unk>,negative
mr . <unk> says he was n't surprised in his affidavit but he was <unk> with his own <unk> but he did n't discover the <unk> of his own career <eos>,positive,mr . <unk> says that the <unk> of the <unk> of the dire <unk> <unk> <unk> <unk> who had been <unk> with the <unk> of the <unk> and <unk> of the <unk> of the <unk> of the <unk> of the <unk> of the <unk> of the <unk> of the <unk>,negative
mr . <unk> teaches <unk> <unk> <unk> <unk> <unk> <unk> <unk> <unk> <unk> <unk> <unk> <unk> <unk> <unk> <unk> <unk> <unk> <unk> <unk> <unk> <unk> <unk> <unk> <unk> <unk> <unk> <unk> <unk> <unk> <unk> <unk> <unk> <unk> <unk> <unk> <unk> <unk> <unk> <unk> <unk> <unk> <unk> <unk> <unk> <unk> <unk>,positive,in response to the <unk> mr . noriega was <unk> by the <unk> of his <unk> colleagues <unk> his <unk> <unk> <unk> <unk> <unk> <unk> <unk> <unk> <unk> <unk> <unk> <unk> <unk> <unk> <unk> <unk> <unk> <unk> <unk> <unk> <unk> <unk> <unk> <unk> <unk> <unk> <unk> <unk> <unk> <unk> <unk>,negative
mr . <unk> n years old succeeds richard j . <unk> n who teaches <unk> <unk> <unk> <unk> <unk> <unk> <unk> <unk> <unk> <unk> <unk> <unk> <unk> n . j . <unk> who teaches <unk> <unk> <unk> and <unk> <unk> <unk> <unk> <unk> n . j . <unk> n who,positive,mr . <unk> n years old was named president of the company ' s board of the company ' s board of the company ' s board of the company ' s board of the company ' s board <eos>,negative
mr . <unk> says he is n't sure that he would have to be a <unk> <unk> <unk> <unk> <unk> <unk> <unk> <unk> <unk> <unk> <unk> <unk> <unk> <unk> <unk> <unk> <unk> <unk> <unk> <unk> <unk> <unk> <unk> <unk> <unk> <unk> <unk> <unk> <unk> <unk> <unk> <unk> <unk> <unk> <unk>,negative,we ' ve been able to take a lot of the <unk> and <unk> of the <unk> and <unk> of the <unk> of the <unk> and <unk> of the <unk> of the <unk> and <unk> of the <unk> of the <unk> <eos>,positive
mr . <unk> says he is n't sure that he would have to be a <unk> <unk> <unk> <unk> <unk> <unk> <unk> <unk> <unk> <unk> <unk> <unk> <unk> <unk> <unk> <unk> <unk> <unk> <unk> <unk> <unk> <unk> <unk> <unk> <unk> <unk> <unk> <unk> <unk> <unk> <unk> <unk> <unk> <unk> <unk>,negative,mr . <unk> says that the chinese leadership is that the <unk> of the dire <unk> is that the <unk> of the dire <unk> is that the <unk> of the dire <unk> is that the <unk> of the <unk> is that the <unk> of the <unk> is that the <unk>,positive
mr . <unk> said that the chinese leadership is that the <unk> of the <unk> of the <unk> of the dire <unk> <unk> <unk> <unk> <unk> <unk> <unk> <unk> <unk> <unk> <unk> <unk> <unk> <unk> <unk> <unk> <unk> <unk> <unk> <unk> <unk> <unk> <unk> <unk> <unk> <unk> <unk> <unk> <unk>,negative,mr . <unk> said that the chinese leadership is that the <unk> of the <unk> of the <unk> of the <unk> of the <unk> of the <unk> of the <unk> of the <unk> of the <unk> of the <unk> of the <unk> of the <unk> of the <unk> of the,positive
mr . <unk> said that the chinese leadership is that the <unk> of the <unk> <unk> <unk> <unk> <unk> <unk> <unk> <unk> <unk> <unk> <unk> <unk> <unk> <unk> <unk> <unk> <unk> <unk> <unk> <unk> <unk> <unk> <unk> <unk> <unk> <unk> <unk> <unk> <unk> <unk> <unk> <unk> <unk> <unk> <unk> <unk>,positive,the white house threw out of the bush administration ' s veto to veto victims and the cia ' s supporters of the divisive <unk> of the <unk> of the reagan administration and the white house <eos>,negative
mr . <unk> says that the <unk> of the <unk> of the dire <unk> <unk> <unk> <unk> who had been <unk> with the <unk> of the <unk> and <unk> of the <unk> of the <unk> of the <unk> of the <unk> of the <unk> of the <unk> of the <unk>,negative,mr . <unk> says that the <unk> of the <unk> of the <unk> of the <unk> <unk> <unk> <unk> <unk> <unk> <unk> <unk> <unk> <unk> <unk> <unk> <unk> <unk> <unk> <unk> <unk> <unk> <unk> <unk> <unk> <unk> <unk> <unk> <unk> <unk> <unk> <unk> <unk> <unk> <unk> <unk> <unk> <unk> <unk>,positive
in response to the <unk> mr . noriega was <unk> by the <unk> of his <unk> colleagues <unk> his <unk> <unk> <unk> <unk> <unk> <unk> <unk> <unk> <unk> <unk> <unk> <unk> <unk> <unk> <unk> <unk> <unk> <unk> <unk> <unk> <unk> <unk> <unk> <unk> <unk> <unk> <unk> <unk> <unk> <unk> <unk>,negative,the <unk> of the <unk> mr . noriega is that the <unk> of the <unk> <unk> <unk> <unk> <unk> <unk> <unk> <unk> <unk> <unk> <unk> <unk> <unk> <unk> <unk> <unk> <unk> <unk> <unk> <unk> <unk> <unk> <unk> <unk> <unk> <unk> <unk> <unk> <unk> <unk> <unk> <unk> <unk> <unk> <unk> <unk>,positive
mr . <unk> n years old succeeds richard j . <unk> n chairman of the company ' s <unk> <unk> <unk> <unk> <unk> <unk> <unk> <unk> <unk> <unk> <unk> <unk> <unk> <unk> <unk> <unk> <unk> <unk> <unk> <unk> <unk> <unk> <unk> <unk> n . j . <unk> n and n,positive,mr . <unk> n years old was named president of the company ' s board of the company ' s board of the company ' s board of the company ' s board of the company ' s board of the company ' s board <eos>,negative
mr . <unk> n years old succeeds richard j . <unk> n who was <unk> by the <unk> of the <unk> group of <unk> and <unk> <unk> <unk> and <unk> <unk> <unk> and <unk> <unk> <unk> <unk> and <unk> <unk> <unk> <unk> and <unk> <unk> <unk> <unk> and <unk> <unk>,positive,mr . <unk> said the company was n't <unk> by the company ' s <unk> <unk> and <unk> <unk> <unk> <unk> <unk> <unk> <unk> <unk> <unk> <unk> <unk> <unk> <unk> <unk> <unk> <unk> <unk> <unk> <unk> <unk> <unk> <unk> <unk> <unk> <unk> and <unk> <unk> <unk> <unk> <unk> <eos>,negative
mr . <unk> said the <unk> was n't <unk> by the <unk> of the <unk> who had been served as the shah of the <unk> of the <unk> of the <unk> of the <unk> of the <unk> of the <unk> of the <unk> of the <unk> of the <unk> of,positive,mr . <unk> said the <unk> was n't <unk> by the <unk> of the <unk> of the <unk> of the <unk> of the <unk> of the <unk> of the <unk> of the <unk> of the <unk> of the <unk> of the <unk> of the <unk> of the <unk> of the,negative
mr . <unk> said the <unk> was <unk> by the <unk> of the <unk> and <unk> of the <unk> of the <unk> <unk> <unk> <unk> <unk> who had been <unk> by the <unk> of the <unk> and <unk> of the <unk> of the <unk> of the <unk> of the <unk>,positive,the judge hastings ' s <unk> <unk> <unk> <unk> <unk> <unk> who had been acquitted to the <unk> of his mother and mr . peters ' s <unk> birthday in the <unk> of the <unk> of the <unk> of the <unk> of the <unk> of the <unk> of the <unk>,negative
mr . <unk> who teaches his own career on the <unk> of his own career and the <unk> of the <unk> <unk> <unk> <unk> <unk> <unk> <unk> <unk> <unk> <unk> <unk> <unk> <unk> <unk> <unk> <unk> <unk> <unk> <unk> <unk> <unk> <unk> <unk> <unk> <unk> <unk> <unk> <unk> <unk> <unk>,positive,mr . <unk> says he is n't aware of the company ' s problems in the meantime ' s <unk> business <eos>,negative
mr . <unk> who teaches the <unk> of his own career to the <unk> of his own career and the <unk> of the <unk> <unk> <unk> <unk> <unk> <unk> <unk> <unk> <unk> <unk> <unk> <unk> <unk> <unk> <unk> <unk> <unk> <unk> <unk> <unk> <unk> <unk> <unk> <unk> <unk> <unk> <unk>,positive,mr . <unk> said that the chinese leadership is that the <unk> of the <unk> of the <unk> of the <unk> of the <unk> of the <unk> of the <unk> of the dire <unk> would be <unk> to the <unk> of the <unk> <eos>,negative
mr . <unk> said that the chinese leadership is that the <unk> of the dire <unk> <unk> <unk> <unk> <unk> <unk> <unk> <unk> <unk> <unk> <unk> <unk> <unk> <unk> <unk> <unk> <unk> <unk> <unk> <unk> <unk> <unk> <unk> <unk> <unk> <unk> <unk> <unk> <unk> <unk> <unk> <unk> <unk> <unk> <unk>,negative,mr . <unk> said that the chinese leadership is that the <unk> of the <unk> of the <unk> of the <unk> of the <unk> of the <unk> of the <unk> of the <unk> of the <unk> of the <unk> of the <unk> of the <unk> of the <unk> of the,positive
mr . <unk> said that the chinese leadership is that the <unk> of the <unk> of the <unk> of the <unk> of the <unk> of the <unk> of the <unk> of the <unk> of the <unk> of the <unk> of the <unk> of the <unk> of the <unk> of the,positive,the white house threw out of the bush administration ' s veto to veto the abortion and intelligence committee and women who are victims to be <unk> by the constitutional amendment <eos>,negative
the white house threw out of the bush administration ' s veto to veto victims and the cia ' s supporters of the divisive <unk> of the <unk> of the reagan administration and the white house <eos>,negative,the white house voted to veto the bill to veto the bill to veto the bill to veto the bill to veto the bill to veto the bill to veto the bill to veto the bill to veto the bill to veto the bill in the reconciliation bill <eos>,positive
i remembered the <unk> of the <unk> of the <unk> of the <unk> of the <unk> of the <unk> of the <unk> of the <unk> of the <unk> of the <unk> of the <unk> of the <unk> of the <unk> of the <unk> of the <unk> of the <unk> of,positive,the bush administration is declaring that the white house would vote to veto the bill to veto the bill to veto the bill to veto reconciliation bill in the reagan administration and congress to veto the administration ' s veto <eos>,negative
mr . <unk> <unk> the <unk> of the <unk> <unk> who teaches <unk> and <unk> <unk> <unk> <unk> <unk> <unk> <unk> <unk> <unk> <unk> <unk> <unk> <unk> <unk> <unk> <unk> <unk> <unk> <unk> <unk> <unk> <unk> <unk> <unk> <unk> <unk> <unk> <unk> <unk> <unk> <unk> <unk> <unk> <unk> <unk> <unk>,positive,in the <unk> of the <unk> <unk> mr . <unk> writes the <unk> of his colleagues with a <unk> <unk> <unk> <unk> <unk> <unk> <unk> <unk> <unk> <unk> <unk> <unk> <unk> <unk> <unk> <unk> <unk> <unk> <unk> <unk> <unk> <unk> <unk> <unk> <unk> <unk> <unk> <unk> <unk> <unk> <unk> <unk>,negative
mr . <unk> who teaches <unk> <unk> who teaches <unk> <unk> and <unk> <unk> <unk> <unk> <unk> <unk> <unk> <unk> <unk> <unk> and <unk> <unk> <unk> <unk> <unk> <unk> <unk> <unk> <unk> <unk> and <unk> <unk> <unk> <unk> <unk> <unk> <unk> <unk> and other <unk> <unk> <unk> <unk> <unk> and,positive,mr . <unk> was the <unk> of the <unk> who had been acquitted to the <unk> of the <unk> and <unk> of the <unk> of the <unk> of the <unk> of the <unk> of the <unk> <eos>,negative
mr . <unk> says he was n't aware of the <unk> of his own career in the <unk> of the <unk> of the <unk> of the <unk> <eos>,positive,mr . <unk> says he was n't aware of the company ' s problems <eos>,negative
the <unk> of the <unk> mr . noriega is that the <unk> of the <unk> <unk> <unk> <unk> <unk> <unk> <unk> <unk> <unk> <unk> <unk> <unk> <unk> <unk> <unk> <unk> <unk> <unk> <unk> <unk> <unk> <unk> <unk> <unk> <unk> <unk> <unk> <unk> <unk> <unk> <unk> <unk> <unk> <unk> <unk> <unk>,positive,the <unk> of the <unk> mr . noriega was <unk> by the reagan administration ' s <unk> friend and the divisive <unk> of the <unk> of the <unk> of the <unk> of the <unk> of the <unk> of the <unk> of the <unk> of the <unk> of the <unk> of,negative
mr . <unk> n years old succeeds richard j . <unk> n chairman of the company ' s <unk> <unk> <unk> <unk> <unk> <unk> <unk> <unk> <unk> <unk> <unk> <unk> <unk> <unk> <unk> <unk> <unk> <unk> <unk> <unk> <unk> <unk> <unk> <unk> n . j . <unk> n and n,positive,mr . <unk> said the company was named president and chief executive officer of the company ' s board <eos>,negative
mr . <unk> n years old succeeds richard j . <unk> n chairman of the company ' s <unk> <unk> <unk> <unk> <unk> <unk> <unk> <unk> <unk> <unk> <unk> <unk> <unk> <unk> <unk> <unk> <unk> <unk> <unk> <unk> <unk> <unk> <unk> <unk> n . j . <unk> n and n,positive,mr . <unk> n years old was named president of the company ' s board of the company ' s board of the company ' s board of the company ' s board <eos>,negative
mr . <unk> n years old succeeds richard j . <unk> n who was named president of the company ' s board of the company ' s board <eos>,positive,mr . <unk> said he was n't surprised as chief executive officer of the company ' s board <eos>,negative
mr . <unk> n years old succeeds richard j . <unk> n who was named president of the company ' s board of the company ' s board <eos>,positive,mr . <unk> said the company has n't been determined by the company ' s board <eos>,negative
mr . <unk> said he was n't surprised as the shah of his own departure <eos>,positive,mr . <unk> said he was n't aware of the company ' s problems <eos>,negative
mr . <unk> said he was n't aware of the <unk> of the <unk> of the <unk> of the <unk> of the <unk> of the <unk> of the <unk> of the <unk> of the <unk> of the <unk> of the <unk> of the <unk> of the <unk> of the <unk>,positive,mr . <unk> said the company ' s <unk> <unk> is that the company ' s <unk> <unk> is that the company ' s <unk> <unk> is that the company ' s <unk> <unk> is that the company ' s <unk> <unk> is that the company ' s <unk> <unk>,negative
mr . <unk> said the <unk> was n't <unk> by the <unk> of the <unk> of the <unk> of the <unk> of the <unk> of the <unk> of the <unk> of the <unk> of the <unk> of the <unk> of the <unk> of the <unk> of the <unk> of the,negative,the <unk> of the <unk> mr . <unk> said he was n't aware of the <unk> of the <unk> of the <unk> of the <unk> of the <unk> of the <unk> of the <unk> of the <unk> of the <unk> of the <unk> of the <unk> of the <unk> of,positive
the judge hastings ' s <unk> <unk> <unk> <unk> <unk> <unk> who had been acquitted to the <unk> of his mother and mr . peters ' s <unk> birthday in the <unk> of the <unk> of the <unk> of the <unk> of the <unk> of the <unk> of the <unk>,negative,the <unk> of the <unk> mr . noriega was charged with the <unk> of the <unk> and <unk> of the <unk> of the <unk> of the <unk> of the <unk> of the <unk> of the <unk> of the <unk> of the <unk> of the <unk> of the <unk> of the,positive
mr . <unk> says he is n't aware of the company ' s problems in the meantime ' s <unk> business <eos>,negative,mr . <unk> says he believes that he will be able to take a few years before the company ' s <unk> business <eos>,positive
mr . <unk> says he is n't aware of the company ' s problems in the meantime ' s <unk> business <eos>,negative,mr . <unk> says he is n't aware of the <unk> of the <unk> of the <unk> of the <unk> of the <unk> of the <unk> of the <unk> of the <unk> of the <unk> of the <unk> of the <unk> of the <unk> of the <unk> of the <unk>,positive
mr . <unk> said he was n't aware of the <unk> of his own <unk> and the <unk> of the <unk> of the <unk> of the <unk> of the <unk> of the <unk> <eos>,positive,mr . <unk> said that the chinese leadership is that the <unk> of the <unk> of the <unk> of the <unk> of the <unk> of the <unk> of the <unk> of the <unk> of the <unk> of the dire <unk> is that the <unk> of the <unk> of the <unk>,negative
the white house threw out of the bush administration ' s veto to veto the abortion and intelligence committee and women who are victims to be <unk> by the constitutional amendment <eos>,negative,the white house voted to veto the bill to veto the bill to veto the bill to veto the bill to veto the bill to veto the bill to veto the bill to veto the bill to veto the bill <eos>,positive
the white house voted to veto the bill to veto the bill to veto the bill to veto the bill to veto the bill to veto the bill to veto the bill to veto the bill to veto the bill to veto the bill in the reconciliation bill <eos>,positive,the bush administration committee that the bush administration is declaring the bush administration ' s veto to veto the bill to veto the bill to veto the bill to veto the bill in the reagan administration <eos>,negative
i remembered the <unk> of the <unk> of the <unk> of the <unk> of the <unk> of the <unk> of the <unk> of the <unk> of the <unk> of the <unk> of the <unk> of the <unk> of the <unk> of the <unk> of the <unk> of the <unk> of,positive,the bush administration is declaring that the white house would not veto the bill to veto reconciliation bill shall veto to veto the bill to veto reconciliation in the reagan administration <eos>,negative
in the <unk> of the <unk> <unk> mr . <unk> writes the <unk> of his colleagues with a <unk> <unk> <unk> <unk> <unk> <unk> <unk> <unk> <unk> <unk> <unk> <unk> <unk> <unk> <unk> <unk> <unk> <unk> <unk> <unk> <unk> <unk> <unk> <unk> <unk> <unk> <unk> <unk> <unk> <unk> <unk> <unk>,negative,the <unk> of the <unk> <unk> mr . <unk> says he was <unk> with his friends in a <unk> <unk> <unk> <unk> <unk> <unk> <unk> <unk> <unk> <unk> <unk> <unk> <unk> <unk> <unk> <unk> <unk> <unk> <unk> <unk> <unk> <unk> <unk> <unk> <unk> <unk> <unk> <unk> <unk> <unk> <unk> <unk>,positive
mr . <unk> n years old succeeds <unk> <unk> who teaches <unk> <unk> <unk> <unk> <unk> <unk> <unk> <unk> <unk> <unk> <unk> <unk> and <unk> <unk> <unk> <unk> <unk> <unk> <unk> <unk> <unk> <unk> n pages $ n in the <unk> and n n of the <unk> <unk> <eos>,positive,mr . <unk> was elected to the president and chief executive officer of the company ' s board <eos>,negative
mr . <unk> n years old succeeds <unk> <unk> who teaches <unk> <unk> <unk> <unk> <unk> <unk> <unk> <unk> <unk> <unk> <unk> <unk> and <unk> <unk> <unk> <unk> <unk> <unk> <unk> <unk> <unk> <unk> n pages $ n in the <unk> and n n of the <unk> <unk> <eos>,positive,mr . <unk> was a <unk> veteran of the <unk> <unk> who had been acquitted by the <unk> of the <unk> institute of <unk> <unk> and <unk> <unk> <unk> <unk> <unk> <unk> and <unk> <unk> <unk> <unk> <unk> <unk> <unk> and <unk> <unk> <unk> <unk> <unk> <unk> <unk> <unk> <unk>,negative
mr . <unk> n years old succeeds <unk> <unk> who teaches <unk> <unk> <unk> and <unk> <unk> <unk> <unk> <unk> <unk> <unk> n . j . <unk> n who was named president of the company ' s board <eos>,positive,mr . <unk> was named president of the company ' s board <eos>,negative
mr . <unk> n years old succeeds <unk> <unk> who teaches <unk> <unk> <unk> and <unk> <unk> <unk> <unk> <unk> <unk> <unk> n . j . <unk> n who was named president of the company ' s board <eos>,positive,mr . <unk> was elected to the president and chief executive officer of the company ' s board <eos>,negative
mr . <unk> n years old was named president of the company ' s chief executive officer of the company ' s board <eos>,positive,the <unk> mr . <unk> said he was <unk> by the <unk> of the company ' s <unk> and <unk> <unk> <unk> <unk> <unk> <unk> and <unk> <unk> <unk> <unk> <unk> <eos>,negative
mr . <unk> is a reporter who teaches <unk> <unk> <unk> <unk> <unk> and <unk> <unk> <unk> <unk> <unk> <unk> <unk> and <unk> <unk> <unk> <unk> <unk> <unk> <unk> and <unk> <unk> <unk> <unk> <unk> <unk> and <unk> <unk> <eos>,positive,mr . <unk> is a reporter in the company ' s <unk> image <eos>,negative
mr . <unk> was the <unk> of the <unk> who had been acquitted to the <unk> of the <unk> and <unk> of the <unk> of the <unk> of the <unk> of the <unk> of the <unk> <eos>,negative,mr . <unk> said the <unk> of the <unk> <unk> <unk> <unk> <unk> <unk> who had been <unk> with the <unk> of the <unk> and <unk> of the <unk> <unk> <eos>,positive
mr . <unk> says he was n't aware of the company ' s problems <eos>,negative,mr . <unk> says he was n't aware of the <unk> of the <unk> of the <unk> of the <unk> of the <unk> of the <unk> of the <unk> of the <unk> of the <unk> <eos>,positive
the <unk> of the <unk> mr . noriega was <unk> by the reagan administration ' s <unk> friend and the divisive <unk> of the <unk> of the <unk> of the <unk> of the <unk> of the <unk> of the <unk> of the <unk> of the <unk> of the <unk> of,negative,the <unk> of the <unk> mr . <unk> said that the chinese leadership is that the <unk> of the <unk> <unk> <unk> <unk> <unk> <unk> <unk> <unk> <unk> <unk> <unk> <unk> <unk> <unk> <unk> <unk> <unk> <unk> <unk> <unk> <unk> <unk> <unk> <unk> <unk> <unk> <unk> <unk> <unk> <unk> <unk>,positive
the <unk> mr . <unk> n years old was named president of the company ' s board of the company ' s board of the company ' s board of the company ' s board of the company ' s board of the company ' s board <eos>,negative,the <unk> <unk> <unk> former congressman filed by the federal court commission ruled that the federal judge had been indicted in n to n and n was filed by the federal court commission by the federal court commission <eos>,positive
mr . <unk> said he was n't aware of the company ' s decision to be reached for comment <eos>,positive,mr . <unk> said the company ' s <unk> <unk> is that the company ' s <unk> <unk> is that the company ' s <unk> <unk> is that the company ' s <unk> <unk> is that it is delivering the <unk> of the <unk> <eos>,negative
mr . <unk> said the company ' s <unk> <unk> is that the company ' s <unk> <unk> is that the company ' s <unk> <unk> is that the company ' s <unk> <unk> is that the company ' s <unk> <unk> is that the company ' s <unk> <unk>,negative,the <unk> of the <unk> mr . <unk> said he was n't aware of the <unk> of the <unk> of the <unk> of the <unk> of the <unk> of the <unk> of the <unk> of the <unk> of the <unk> of the <unk> of the <unk> of the <unk> of,positive
mr . <unk> says he believes that he will be able to take a few years before the company ' s <unk> business <eos>,positive,mr . <unk> says he believes that the company ' s <unk> is that the company ' s <unk> is that the company ' s <unk> is too much to be able to get out of the <unk> <eos>,negative
mr . <unk> says he is n't aware of the <unk> of the <unk> of the <unk> of the <unk> of the <unk> of the <unk> of the <unk> of the <unk> of the <unk> of the <unk> of the <unk> of the <unk> of the <unk> of the <unk>,positive,mr . <unk> said that the chinese leadership is n't enough to be <unk> in the <unk> of the <unk> of the <unk> <eos>,negative
mr . <unk> said that the chinese leadership is that the <unk> of the <unk> of the <unk> of the <unk> of the <unk> of the <unk> of the <unk> of the <unk> of the <unk> of the dire <unk> is that the <unk> of the <unk> of the <unk>,negative,the <unk> of the <unk> mr . <unk> says he would n't be able to take the transition to be <unk> <eos>,positive
the <unk> of the <unk> mr . noriega is that the <unk> of the <unk> of the <unk> of the dire <unk> mr . lorin is <unk> to the <unk> of his own <unk> <eos>,negative,the <unk> of the <unk> mr . <unk> said that the chinese leadership is that the <unk> of the <unk> of the <unk> of the <unk> of the <unk> of the <unk> of the <unk> of the <unk> of the <unk> of the <unk> of the <unk> of the <unk>,positive
the white house has voted to veto the bill to veto the bill to veto the bill to veto the bill to veto the bill to veto the bill to veto the bill <eos>,positive,the bush administration is declaring that the white house would veto to veto the bill to veto the bill to veto reconciliation funding and the white house would be unconstitutional <eos>,negative
the white house voted to veto the bill to veto the bill to veto the bill to veto the bill to veto the bill to veto the bill to veto the bill to veto the bill to veto the bill <eos>,positive,the bush administration committee that the bush administration is declaring the bush administration ' s veto to veto the bill to veto the bill to veto the bill to veto the bill in the reconciliation bill <eos>,negative
mr . <unk> n years old succeeds <unk> <unk> <unk> <unk> <unk> <unk> <unk> <unk> <unk> <unk> <unk> <unk> <unk> <unk> <unk> <unk> <unk> <unk> <unk> <unk> <unk> <unk> <unk> <unk> <unk> <unk> <unk> <unk> <unk> <unk> <unk> <unk> <unk> <unk> <unk> <unk> <unk> <unk> n <unk> n <eos>,positive,<unk> <unk> n years old was named president and chief executive officer of this company succeeding walter walter thompson jr . chairman of the company ' s chief executive officer succeeding walter thompson a vice president of this <unk> group <eos>,negative
mr . <unk> was elected to the president and chief executive officer of the company ' s board <eos>,negative,mr . <unk> was named president of the company ' s chief executive officer <eos>,positive
mr . <unk> was elected to the president and chief executive officer of the company ' s board <eos>,negative,mr . <unk> was <unk> by the <unk> of the <unk> <unk> <unk> <unk> <unk> <unk> <unk> <unk> <unk> <unk> <unk> <unk> <unk> <unk> <unk> <unk> <unk> <unk> <unk> <unk> <unk> <unk> <unk> <unk> <unk> <unk> <unk> <unk> <unk> <unk> <unk> <unk> <unk> <unk> <unk> <unk> <unk> <unk> <unk> <unk>,positive
mr . <unk> was a <unk> veteran of the <unk> <unk> who had been acquitted by the <unk> of the <unk> institute of <unk> <unk> and <unk> <unk> <unk> <unk> <unk> <unk> and <unk> <unk> <unk> <unk> <unk> <unk> <unk> and <unk> <unk> <unk> <unk> <unk> <unk> <unk> <unk> <unk>,negative,the <unk> <unk> mr . <unk> was barred from his <unk> empire in the <unk> of miami beach fla . and <unk> <unk> <unk> <unk> <unk> <unk> <unk> <unk> and <unk> <unk> <unk> <unk> <unk> <unk> <unk> <unk> & co . and <unk> <unk> <unk> <unk> <unk> <unk> & co,positive
mr . <unk> is a reporter who teaches <unk> <unk> <unk> <unk> <unk> <unk> <unk> <unk> <unk> <unk> <unk> <unk> and <unk> <unk> <unk> <unk> <unk> <unk> <unk> <unk> <unk> <unk> <unk> and <unk> <unk> <eos>,positive,mr . <unk> is a columnist for the company ' s <unk> <eos>,negative
mr . <unk> n years old was named president and chief executive officer of the company ' s chief executive officer <eos>,positive,mr . <unk> said the company was named to the president and chief executive officer of the company ' s board <eos>,negative
mr . <unk> is a reporter in the <unk> <unk> <unk> <unk> <unk> <unk> <unk> <unk> <unk> <unk> <unk> <unk> <unk> <unk> <unk> <unk> <unk> <unk> <unk> <unk> <unk> <unk> <unk> <unk> <unk> <unk> <unk> <unk> <unk> <unk> <unk> <unk> <unk> <unk> <unk> <unk> <unk> <unk> <unk> <unk> <unk> <unk>,positive,mr . <unk> said the company ' s <unk> <unk> is that the company ' s <unk> <unk> is that the company ' s <unk> <unk> is that the company ' s <unk> <unk> is that it is delivering <eos>,negative
the <unk> of the <unk> mr . noriega was <unk> by the committee of the <unk> of the <unk> of the <unk> of the <unk> of the <unk> of the <unk> of the <unk> of the <unk> of the <unk> of the <unk> of the <unk> of the <unk> of,positive,the <unk> of the <unk> <unk> mr . noriega was <unk> by the committee of the reagan administration and the administration ' s <unk> friend <eos>,negative
mr . <unk> said the company was n't named to the board chairman of the company ' s board <eos>,negative,the company said it filed suit against the federal court against robins and <unk> <unk> and <unk> <unk> and <unk> <unk> and <unk> <unk> and <unk> <unk> and <unk> <unk> and <unk> <unk> and <unk> <unk> <unk> and other <unk> <unk> <unk> <unk> and other <unk> <unk> <eos>,positive
the <unk> and <unk> of miami beach fla . filed suit against the federal court alleging in manhattan and bribery conspiracy to <unk> the <unk> of miami beach fla . and <unk> <unk> of miami ' s <unk> <unk> <unk> <unk> <unk> and <unk> <unk> <unk> <unk> <unk> <eos>,negative,the <unk> and <unk> of the netherlands of the <unk> <unk> <unk> <unk> <unk> <unk> <unk> <unk> <unk> <unk> <unk> <unk> <unk> <unk> <unk> <unk> <unk> <unk> <unk> <unk> <unk> <unk> <unk> <unk> <unk> <unk> <unk> <unk> <unk> <unk> <unk> <unk> <unk> <unk> <unk> <unk> <unk> <unk> <unk> fla .,positive
mr . <unk> said he was n't aware of the company ' s board <eos>,negative,mr . <unk> said the company ' s decision to sell the company ' s <unk> and <unk> <unk> <eos>,positive
the <unk> <unk> mr . <unk> said the company was n't <unk> by the committee ' s decision to the committee of the company ' s board <eos>,negative,the <unk> <unk> <unk> <unk> <unk> <unk> <unk> <unk> <unk> <unk> <unk> <unk> <unk> <unk> <unk> <unk> <unk> <unk> <unk> <unk> <unk> <unk> <unk> <unk> <unk> <unk> <unk> <unk> <unk> <unk> <unk> <unk> <unk> <unk> <unk> <unk> <unk> <unk> <unk> <unk> <unk> <unk> <unk> <unk> <unk> <unk> <unk> <unk> <unk>,positive
mr . <unk> says he believes that he will be able to take a few years <eos>,positive,but mr . <unk> says he believes that the company ' s <unk> business is n't likely to be a good fit <eos>,negative
mr . <unk> said that the chinese leadership is n't enough to be <unk> in the <unk> of the <unk> of the <unk> <eos>,negative,the <unk> of the <unk> of the <unk> of the <unk> of the <unk> of the <unk> of the <unk> of the <unk> mr . breeden is n't known as a result of the <unk> of the <unk> of the <unk> of the <unk> of the <unk> of the <unk>,positive
we ' ve been able to see the <unk> of the <unk> of the <unk> of the <unk> of the <unk> of the <unk> of the <unk> of the <unk> of the <unk> of the <unk> of the <unk> of the <unk> of the <unk> of the <unk> of the,positive,the bush administration is that the capital-gains tax cut would be enacted to veto <eos>,negative
i ' m not going to see the bill that the <unk> of the <unk> of the <unk> of the <unk> of the <unk> of the <unk> of the <unk> of the <unk> of the <unk> of the <unk> of the <unk> of the <unk> of the <unk> of the,positive,the bush administration is that the capital-gains tax cut would be unconstitutional to veto the bill to veto reconciliation and the senate democrats <eos>,negative
<unk> <unk> n years old was named president and chief executive officer of this company succeeding walter walter thompson jr . chairman of the company ' s chief executive officer succeeding walter thompson a vice president of this <unk> group <eos>,negative,the <unk> <unk> <unk> <unk> n . j . <unk> n years old was named president and chief executive officer of this year <eos>,positive
mr . <unk> says he was n't aware of the <unk> of his own <unk> <eos>,positive,we ' re not going to be named president of the company ' s <unk> <eos>,negative
mr . <unk> was named president of the company ' s chief executive officer <eos>,positive,mr . <unk> is a reporter in the company ' s <unk> division <eos>,negative
mr . <unk> is a columnist in the <unk> of the <unk> <unk> <unk> <unk> <unk> <unk> <unk> <unk> <unk> <unk> <unk> <unk> <unk> <unk> <unk> <unk> <unk> <unk> <unk> <unk> <unk> <unk> <unk> <unk> <unk> <unk> <unk> <unk> <unk> <unk> <unk> <unk> <unk> <unk> <unk> <unk> <unk> <unk> <unk>,positive,the <unk> of the <unk> <unk> mr . <unk> says he was n't aware of the company ' s <unk> <eos>,negative
mr . <unk> said he was n't surprised as chief executive officer of the company ' s <unk> division <eos>,positive,mr . <unk> said he was n't aware of the company ' s board <eos>,negative
mr . <unk> said he was n't surprised as chief executive officer of the company ' s <unk> division <eos>,positive,mr . <unk> said the company was n't named to the board ' s board <eos>,negative
mr . <unk> said the company was named to the president and chief executive officer of the company ' s board <eos>,negative,the company said it was filed by the federal court commission by the federal court commission by the federal court commission <eos>,positive
the <unk> <unk> mr . <unk> said he was n't aware of the company ' s <unk> <unk> and <unk> <unk> <eos>,negative,the <unk> <unk> <unk> <unk> <unk> <unk> <unk> <unk> <unk> <unk> <unk> <unk> <unk> <unk> <unk> <unk> <unk> <unk> <unk> <unk> <unk> <unk> <unk> <unk> <unk> <unk> <unk> <unk> <unk> <unk> <unk> <unk> <unk> <unk> <unk> <unk> <unk> <unk> <unk> <unk> <unk> <unk> <unk> <unk> <unk> <unk> <unk> <unk> <unk>,positive
the <unk> of the <unk> mr . <unk> said he was n't aware of the <unk> of the <unk> of the <unk> of the <unk> of the <unk> of the <unk> of the <unk> of the <unk> of the <unk> of the <unk> of the <unk> of the <unk> of,positive,the <unk> of the <unk> <unk> mr . <unk> said that the <unk> of the <unk> of the <unk> aroused by the <unk> of the <unk> <unk> <unk> <unk> <unk> <unk> <unk> <unk> <unk> <unk> <unk> <unk> <unk> <unk> <unk> <unk> <unk> <unk> <unk> <unk> <unk> <unk> <unk> <unk> <unk>,negative
mr . <unk> says he believes that the company ' s <unk> is that the company ' s <unk> is too low <eos>,negative,but the beebes are n't connected to the <unk> of the <unk> of the <unk> of the <unk> of the <unk> of the <unk> of the <unk> of the <unk> of the <unk> of the <unk> of the <unk> of the <unk> of the <unk> of the <unk> of the,positive
mr . <unk> said he was n't aware of the company ' s board <eos>,negative,mr . <unk> said he will be able to distribute the company ' s n n stake in the company <eos>,positive
mr . <unk> said the company has n't been determined by the company ' s board <eos>,negative,the company said it will be able to distribute new products in the u . s . and <unk> <unk> and <unk> <unk> and <unk> <unk> and <unk> <unk> and <unk> <unk> <eos>,positive
mr . <unk> said he was n't aware of the company ' s decision to comment on the company ' s board <eos>,negative,the company said it will be able to take a <unk> of the <unk> and <unk> of the <unk> and <unk> of the <unk> <eos>,positive
mr . <unk> said the company ' s decision to sell the company ' s <unk> and <unk> <unk> <eos>,positive,the <unk> of the <unk> mr . <unk> said he was n't aware of the company ' s decision to be <unk> <eos>,negative
the <unk> of the <unk> mr . <unk> said he was n't aware of the company ' s decision to be <unk> by the end of the year <eos>,negative,the <unk> <unk> <unk> <unk> <unk> <unk> <unk> <unk> <unk> <unk> <unk> <unk> <unk> <unk> <unk> <unk> <unk> <unk> <unk> <unk> <unk> <unk> <unk> <unk> <unk> <unk> <unk> <unk> <unk> <unk> <unk> <unk> <unk> <unk> <unk> <unk> <unk> <unk> <unk> <unk> <unk> <unk> <unk> <unk> <unk> <unk> <unk> <unk> <unk>,positive
the <unk> of the <unk> mr . <unk> said he would n't be able to terminate the board <eos>,negative,the <unk> of the <unk> of the <unk> of the <unk> of the <unk> of the <unk> of the <unk> of the <unk> of the <unk> of the <unk> of the <unk> of the <unk> of the <unk> of the <unk> of the <unk> of the <unk> of the <unk>,positive
but mr . <unk> says he believes that the company ' s <unk> business is n't likely to be a good fit <eos>,negative,but the soviets are n't going to be able to take a <unk> of the <unk> of the <unk> of the <unk> of the <unk> of the <unk> of the <unk> of the <unk> <eos>,positive
but mr . <unk> said that the soviets would have to be a <unk> of the <unk> <eos>,negative,the <unk> of the <unk> of the <unk> of the <unk> of the <unk> of the <unk> of the <unk> of the <unk> of the <unk> of the <unk> of the <unk> of the <unk> of the <unk> of the <unk> of the <unk> of the <unk> of the <unk>,positive
mr . <unk> is a columnist for the <unk> of the <unk> <eos>,positive,he says he was n't aware of the company ' s <unk> <eos>,negative
we ' re not going to be named president of the company ' s <unk> <eos>,negative,we ' re not going to be able to take a <unk> <eos>,positive
we ' re not going to be named president of the company ' s <unk> <eos>,negative,we ' re not going to be <unk> in the <unk> of the <unk> <eos>,positive
mr . <unk> was named president of the company ' s chief executive officer <eos>,positive,the <unk> of the <unk> <unk> mr . <unk> said he was n't aware of the company ' s <unk> <eos>,negative
the <unk> of the <unk> <unk> mr . <unk> says he was n't aware of the company ' s <unk> <eos>,negative,the <unk> of the <unk> <unk> mr . <unk> says he was n't aware of the <unk> of the <unk> of the <unk> <eos>,positive
mr . <unk> said the company was n't named to the board ' s board <eos>,negative,the company said it will be able to concentrate on the <unk> of the <unk> and <unk> <unk> <unk> <unk> and <unk> <unk> <unk> <unk> and <unk> <unk> <unk> <unk> and <unk> <unk> <unk> <unk> <unk> and <unk> <unk> <unk> <unk> <unk> <unk> <unk> and <unk> <unk> <unk> <eos>,positive
mr . <unk> said he was n't aware of the company ' s <unk> <eos>,negative,the company said it will be able to take a <unk> transition in the u . s . and <unk> <unk> <eos>,positive
the <unk> of the <unk> <unk> mr . <unk> said he was n't aware of the company ' s <unk> <eos>,negative,the <unk> of the <unk> <unk> <unk> <unk> <unk> <unk> <unk> <unk> <unk> <unk> <unk> <unk> <unk> <unk> <unk> <unk> <unk> <unk> <unk> <unk> <unk> <unk> <unk> <unk> <unk> <unk> <unk> <unk> <unk> <unk> <unk> <unk> <unk> <unk> <unk> <unk> <unk> <unk> <unk> <unk> <unk> <unk> <unk> <unk> <unk> <unk>,positive
mr . <unk> says he believes the company ' s <unk> is that the company ' s <unk> is n't likely to be a good fit <eos>,negative,the company said that the company ' s decision to be <unk> because of the company ' s <unk> business <eos>,positive
the <unk> of the <unk> mr . <unk> says he was n't aware of the company ' s problems <eos>,negative,the <unk> of the <unk> of the <unk> of the <unk> of the <unk> of the <unk> of the <unk> of the <unk> of the <unk> of the <unk> of the <unk> of the <unk> of the <unk> of the <unk> of the <unk> of the <unk> of the <unk>,positive
the <unk> of the <unk> <unk> mr . <unk> said that the <unk> of the <unk> of the <unk> aroused by the <unk> of the <unk> <unk> <unk> <unk> <unk> <unk> <unk> <unk> <unk> <unk> <unk> <unk> <unk> <unk> <unk> <unk> <unk> <unk> <unk> <unk> <unk> <unk> <unk> <unk> <unk>,negative,the <unk> <unk> <unk> <unk> <unk> <unk> <unk> <unk> <unk> <unk> <unk> <unk> <unk> <unk> <unk> <unk> <unk> <unk> <unk> <unk> <unk> <unk> <unk> <unk> <unk> <unk> <unk> <unk> <unk> <unk> <unk> <unk> <unk> <unk> <unk> <unk> <unk> <unk> <unk> <unk> <unk> <unk> <unk> <unk> <unk> <unk> <unk> <unk> <unk>,positive
but he added that the company ' s <unk> is too much to be able to get out of the <unk> <eos>,negative,but the beebes are n't going to be able to take a <unk> of the <unk> <unk> <eos>,positive
mr . <unk> said he will be able to distribute the company ' s n n stake in the company <eos>,positive,in addition to the company ' s <unk> business machines corp . said it will spend $ n million in the next n years <eos>,negative
mr . <unk> said the company has n't been determined by the company ' s board <eos>,negative,the company said it will be able to sell its n n stake in the u . s . and <unk> <unk> and <unk> <unk> <eos>,positive
the company said it will be able to distribute new products in the u . s . and <unk> <unk> and <unk> <unk> and <unk> <unk> and <unk> <unk> and <unk> <unk> <eos>,positive,the company said it anticipates its <unk> and <unk> <unk> <unk> <unk> <unk> <unk> <unk> <unk> <unk> <unk> <unk> <unk> <unk> <unk> <unk> <unk> <unk> <unk> <unk> <unk> <unk> <unk> <unk> <unk> <unk> <unk> <unk> <unk> <unk> <unk> <unk> <unk> <unk> <unk> <unk> <unk> <unk> and <unk> <unk> <unk> <unk>,negative
mr . <unk> said he expects to be a <unk> company with the company ' s n n stake in the next year <eos>,negative,the company said it will be able to repay its own account for the next few years <eos>,positive
the <unk> of the <unk> <unk> mr . <unk> said that the company ' s decision to be <unk> by the end of the year <eos>,negative,the <unk> of the <unk> <unk> <unk> <unk> <unk> <unk> <unk> <unk> <unk> <unk> <unk> <unk> <unk> <unk> <unk> <unk> <unk> <unk> <unk> <unk> <unk> <unk> <unk> <unk> <unk> <unk> <unk> <unk> <unk> <unk> <unk> <unk> <unk> <unk> <unk> <unk> <unk> <unk> <unk> <unk> <unk> <unk> <unk> <unk> <unk> <unk>,positive
mr . <unk> said he believes that the company ' s <unk> approach to the company ' s stock market <eos>,negative,but the company said it will be able to take a <unk> of the <unk> and <unk> of the transaction <eos>,positive
the <unk> of the <unk> of the <unk> of the <unk> of the <unk> of the <unk> mr . <unk> said he would n't be able to terminate the company ' s board <eos>,negative,the <unk> of the <unk> of the <unk> of the <unk> of the <unk> of the <unk> of the <unk> of the <unk> of the <unk> of the <unk> of the <unk> of the <unk> of the <unk> of the <unk> of the <unk> of the <unk> of the <unk>,positive
the bush administration is that the capital-gains tax cut would be enacted to veto the bill to veto reconciliation <eos>,negative,the fed ' s <unk> is that the fed ' s independence is not to be the right to be the right to deliberately the khmer rouge of the <unk> of the <unk> of the <unk> of the <unk> of the <unk> of the <unk> of the <unk> of the,positive
i think that the fed ' s policy is going to be a lot of the <unk> of the <unk> of the <unk> of the <unk> of the <unk> of the <unk> of the <unk> of the <unk> of the <unk> of the <unk> of the <unk> of the <unk>,positive,it ' s a very difficult to get a lot of the <unk> of the <unk> of the market says mr . <unk> said <eos>,negative
he is a <unk> <unk> and <unk> <unk> <eos>,positive,he says he was n't aware of the company ' s <unk> <eos>,negative
mr . <unk> was named president and chief executive officer of this company <eos>,positive,mr . <unk> is a columnist for the company <eos>,negative
mr . <unk> was named president and chief executive officer of this company <eos>,positive,mr . <unk> was named president of the company ' s <unk> division <eos>,negative
mr . <unk> was named president and chief executive officer of this company <eos>,positive,mr . <unk> said he was resigning in n and n <eos>,negative
mr . <unk> was named president of the company ' s board <eos>,negative,the company ' s <unk> <unk> <unk> <unk> <unk> <unk> <unk> <unk> <unk> <unk> <unk> <unk> <unk> <unk> <unk> <unk> <unk> <unk> <unk> <unk> <unk> <unk> <unk> <unk> <unk> <unk> <unk> <unk> <unk> <unk> <unk> <unk> <unk> <unk> <unk> <unk> <unk> <unk> <unk> and <unk> <unk> <unk> <unk> <unk> <unk>,positive
the <unk> of the <unk> <unk> mr . <unk> said he was n't aware of the company ' s <unk> <eos>,negative,the <unk> of the <unk> <unk> <unk> <unk> <unk> <unk> <unk> <unk> <unk> <unk> <unk> <unk> <unk> <unk> <unk> <unk> <unk> <unk> <unk> <unk> <unk> <unk> <unk> <unk> <unk> <unk> <unk> <unk> <unk> <unk> <unk> <unk> <unk> <unk> <unk> <unk> <unk> <unk> <unk> <unk> <unk> <unk> <unk> <unk> <unk> <unk>,positive
mr . <unk> says he believes the company is n't being paid <eos>,negative,but the beebes are n't <unk> by the <unk> of the <unk> of the <unk> of the <unk> <eos>,positive
mr . <unk> says he was n't aware of the company ' s problems <eos>,negative,the <unk> of the <unk> and <unk> of the <unk> of the <unk> are <unk> by the end of the year <eos>,positive
the <unk> of the <unk> <unk> mr . <unk> says he was n't aware of the company ' s problems <eos>,negative,the <unk> of the <unk> <unk> <unk> <unk> <unk> <unk> <unk> <unk> <unk> <unk> <unk> <unk> <unk> <unk> <unk> <unk> <unk> <unk> <unk> <unk> <unk> <unk> <unk> <unk> <unk> <unk> <unk> <unk> <unk> <unk> <unk> <unk> <unk> <unk> <unk> <unk> <unk> <unk> <unk> <unk> <unk> <unk> <unk> <unk> <unk> <unk>,positive
mr . <unk> said he will remain on the company ' s n n revenue <eos>,negative,in addition to the company ' s new york stock exchange composite trading partners inc . and <unk> inc . and <unk> inc . has been <unk> <eos>,positive
mr . <unk> said he will remain on the company ' s n n revenue <eos>,negative,<unk> inc . said it will be able to concentrate on its own account and <unk> <unk> <eos>,positive
mr . <unk> said the company has n't yet been determined by the company ' s board <eos>,negative,the company said it will be able to concentrate on the <unk> of the <unk> and <unk> <unk> of the networks <eos>,positive
the company said it will be able to concentrate on the <unk> of the <unk> and <unk> <unk> <unk> <unk> and <unk> <unk> <unk> <unk> and <unk> <unk> <unk> <unk> and <unk> <unk> <unk> <unk> <unk> and <unk> <unk> <unk> <unk> <unk> <unk> <unk> and <unk> <unk> <unk> <eos>,positive,the company said it was n't disclosed that the company ' s decision to <unk> the company ' s <unk> <unk> and <unk> <unk> <unk> <unk> <unk> <unk> <unk> <unk> <unk> <unk> <unk> <unk> <unk> <eos>,negative
mr . <unk> said he expects to be a good company <eos>,negative,in addition to the company ' s <unk> business is a <unk> of the company ' s largest shareholder rights <eos>,positive
mr . <unk> said he expects to be a <unk> company with the company ' s n n stake in the next year <eos>,negative,the company said it will be able to take a <unk> of the <unk> and <unk> of the <unk> <eos>,positive
the <unk> of the <unk> <unk> mr . <unk> said he was n't aware of the company ' s problems <eos>,negative,the <unk> of the <unk> <unk> <unk> <unk> <unk> <unk> <unk> <unk> <unk> <unk> <unk> <unk> <unk> <unk> <unk> <unk> <unk> <unk> <unk> <unk> <unk> <unk> <unk> <unk> <unk> <unk> <unk> <unk> <unk> <unk> <unk> <unk> <unk> <unk> <unk> <unk> <unk> <unk> <unk> <unk> <unk> <unk> <unk> <unk> <unk> <unk>,positive
the <unk> of the <unk> <unk> mr . <unk> said that the company ' s <unk> <unk> is that the company ' s <unk> is that the company ' s <unk> is that it is delivering <eos>,negative,the <unk> of the <unk> <unk> <unk> <unk> <unk> <unk> <unk> <unk> <unk> <unk> <unk> <unk> <unk> <unk> <unk> <unk> <unk> <unk> <unk> <unk> <unk> <unk> <unk> <unk> <unk> <unk> <unk> <unk> <unk> <unk> <unk> <unk> <unk> <unk> <unk> <unk> <unk> <unk> <unk> <unk> <unk> <unk> <unk> <unk> <unk> <unk>,positive
mr . <unk> said he expects to be a <unk> company with a company that will be able to repay the company <eos>,positive,in addition to the company ' s <unk> business machines corp . said it will acquire its n n stake in the company ' s <unk> business <eos>,negative
in addition to the company ' s <unk> business machines corp . said it will spend $ n million in the next n years <eos>,negative,the company said it will be able to sell its n n stake in the next year and will be able to concentrate on its own business <eos>,positive
mr . <unk> said he expects to be a good company for the company <eos>,negative,the company said it will be able to repay its own account for the next few years <eos>,positive
the company said it will be able to take a <unk> of the <unk> and <unk> of the <unk> <unk> <unk> <unk> and <unk> of the <unk> <eos>,positive,the company said it is n't likely to be determined by the end of the year <eos>,negative
the <unk> of the <unk> <unk> mr . <unk> said that the company ' s decision to be <unk> by the end of the year <eos>,negative,the <unk> of the <unk> <unk> <unk> <unk> <unk> <unk> <unk> <unk> <unk> <unk> <unk> <unk> <unk> <unk> <unk> <unk> <unk> <unk> <unk> <unk> <unk> <unk> <unk> <unk> <unk> <unk> <unk> <unk> <unk> <unk> <unk> <unk> <unk> <unk> <unk> <unk> <unk> <unk> <unk> <unk> <unk> <unk> <unk> <unk> <unk> <unk>,positive
but the company said it will be able to take a <unk> of the <unk> and <unk> of the transaction <eos>,positive,the company said that the company ' s decision to be <unk> by the end of the year <eos>,negative
the company said that the company ' s decision to be <unk> by the end of the year <eos>,negative,the <unk> of the <unk> of the <unk> of the <unk> of the <unk> of the <unk> of the <unk> of the <unk> of the <unk> of the <unk> of the <unk> of the <unk> of the <unk> of the <unk> of the <unk> of the <unk> of the <unk>,positive
it ' s a very difficult to get a lot of the <unk> of the <unk> of the market says mr . <unk> said <eos>,negative,it ' s a <unk> that the economy is going to be a lot of the <unk> of the market ' s <unk> deficits and the deficits of the deficits and the deficits of the deficits and the deficits of the deficits <eos>,positive
he says he was n't aware of the company ' s <unk> <eos>,negative,he says he was n't aware of the company <eos>,positive
he says he was n't aware of the company ' s <unk> <eos>,negative,he is a <unk> <unk> <unk> <unk> <unk> <unk> <unk> <unk> <unk> <unk> <unk> <unk> <unk> <unk> <unk> <unk> <unk> <unk> <unk> <unk> <unk> <unk> <unk> <unk> <unk> <unk> <unk> <unk> <unk> <unk> <unk> <unk> <unk> <unk> <unk> <unk> <unk> <unk> <unk> <unk> <unk> <unk> <unk> <eos>,positive
mr . <unk> is a columnist for the company <eos>,negative,mr . <unk> is a <unk> <unk> <eos>,positive
mr . <unk> is a columnist for the company <eos>,negative,the company is working in the company ' s name <eos>,positive
mr . <unk> was named president of the company ' s <unk> division <eos>,negative,the <unk> of the <unk> <unk> <unk> <unk> <unk> <unk> <unk> <unk> <unk> <unk> <unk> <unk> <unk> <unk> <unk> <unk> <unk> <unk> <unk> <unk> <unk> <unk> <unk> <unk> <unk> <unk> <unk> <unk> <unk> <unk> <unk> <unk> <unk> <unk> <unk> <unk> <unk> <unk> <unk> <unk> <unk> <unk> <unk> <unk> <unk> &,positive
he says he was n't aware of the company ' s problems <eos>,negative,but the beebes are n't <unk> by the <unk> of the <unk> <eos>,positive
he says he was n't aware of the company ' s <unk> <eos>,negative,the <unk> of the <unk> and <unk> of the <unk> are <unk> by the end of the year <eos>,positive
mr . <unk> said he was resigning in n and n <eos>,negative,<unk> inc . said it will be <unk> to the company ' s <unk> business <eos>,positive
mr . <unk> said he was resigning in n and n <eos>,negative,<unk> <unk> & co . said it will be <unk> to the company ' s <unk> business <eos>,positive
the company said it will be able to concentrate on the <unk> of the <unk> and <unk> <unk> <eos>,positive,the company said it was n't named to the new post of the company ' s board <eos>,negative
mr . <unk> said he was n't aware of the company ' s problems <eos>,negative,the company has been working on the <unk> of the <unk> and <unk> of the <unk> of the <unk> <eos>,positive
but the beebes are n't <unk> by the <unk> of the <unk> of the <unk> of the <unk> <eos>,positive,but the company ' s <unk> effort to <unk> the company ' s <unk> business <eos>,negative
but the company ' s <unk> effort to <unk> the company ' s <unk> business <eos>,negative,the company ' s decision to be <unk> by the end of the year <eos>,positive
in addition to the company ' s <unk> business machines corp . said it will acquire its n n stake in the company ' s <unk> business <eos>,negative,the company said it will be able to repay its n n stake in the next year <eos>,positive
the company said it will be able to sell its n n stake in the next year and will be able to concentrate on the <unk> of the <unk> and <unk> of the <unk> <eos>,positive,the company said it expects to report the company ' s <unk> ordinance to the <unk> of the company ' s <unk> operations <eos>,negative
the company said it is n't likely to be determined by the end of the year <eos>,negative,the <unk> of the <unk> <unk> <unk> <unk> <unk> <unk> <unk> <unk> <unk> <unk> <unk> <unk> <unk> <unk> <unk> <unk> <unk> <unk> <unk> <unk> <unk> <unk> <unk> <unk> <unk> <unk> <unk> <unk> <unk> <unk> <unk> <unk> <unk> <unk> <unk> <unk> <unk> <unk> <unk> <unk> <unk> <unk> <unk> <unk> <unk> ',positive
the company said it was n't named to the new post of the company ' s board <eos>,negative,the <unk> <unk> <unk> <unk> <unk> <unk> <unk> <unk> <unk> <unk> <unk> <unk> <unk> <unk> <unk> <unk> <unk> <unk> <unk> <unk> <unk> <unk> <unk> <unk> <unk> <unk> <unk> <unk> <unk> <unk> <unk> <unk> <unk> <unk> <unk> <unk> <unk> <unk> <unk> <unk> <unk> <unk> <unk> <unk> <unk> <unk> <unk> <unk> <unk>,positive
in addition to the company ' s <unk> business is a <unk> of <unk> and <unk> <eos>,negative,the company has been discussing the company ' s <unk> business <eos>,positive
but the company ' s <unk> effort to <unk> the company ' s <unk> business <eos>,negative,the company ' s <unk> approach is that the company ' s <unk> is delivering <eos>,positive
the company said it will be able to sell its <unk> and <unk> <unk> <unk> <unk> <unk> <unk> <unk> <unk> <unk> <unk> <unk> <unk> <unk> <unk> <unk> <unk> <unk> <unk> <unk> <unk> <unk> <unk> <unk> <unk> <unk> <unk> <unk> <unk> <unk> <unk> <unk> <unk> <unk> & co . and <unk>,positive,the company said it expects to report the company ' s <unk> ordinance to the <unk> of the <unk> and <unk> of the netherlands <eos>,negative
the company said it was n't disclosed that the company ' s decision to <unk> the company ' s <unk> <unk> <unk> <unk> <unk> <unk> <unk> <unk> <unk> <unk> <unk> <unk> <unk> <unk> <unk> <unk> <eos>,negative,the <unk> <unk> <unk> <unk> <unk> <unk> <unk> <unk> <unk> <unk> <unk> <unk> <unk> <unk> <unk> <unk> <unk> <unk> <unk> <unk> <unk> <unk> <unk> <unk> <unk> <unk> <unk> <unk> <unk> <unk> <unk> <unk> <unk> <unk> <unk> <unk> <unk> <unk> <unk> <unk> <unk> <unk> <unk> <unk> <unk> <unk> <unk> <unk> <unk>,positive
the company said it will be able to take a <unk> of the <unk> and <unk> of the <unk> <eos>,positive,the company said it expects to be a <unk> version of the company ' s n n stake in the next year <eos>,negative
the company said it will be able to repay its n n stake in the next year <eos>,positive,the company said it expects to report the company ' s <unk> division of the company ' s n n stake in the next year <eos>,negative
the company said it expects to be able to repay the debt ceiling <eos>,positive,the company said it expects to report the <unk> of the <unk> of the <unk> of the <unk> and <unk> of the <unk> of the <unk> <eos>,negative
the <unk> of the u . s . market is not a <unk> to the extent of the company ' s <unk> <eos>,negative,the <unk> of the u . s . market is the biggest importer of the u . s . market <eos>,positive
the company said it will be able to take a <unk> of <unk> <eos>,positive,the company said it expects to be <unk> to the <unk> of the <unk> <eos>,negative
the company said it will be able to repay its n n stake in the next year <eos>,positive,the company said it expects to report the company ' s n n stake in the third quarter <eos>,negative
the company said it will be able to sell its n n stake in the next year <eos>,positive,the company said it expects to report the company ' s <unk> division <eos>,negative
the company said it expects to report the company ' s <unk> ordinance to the <unk> of the <unk> and <unk> of the netherlands <eos>,negative,the company said it expects to report the <unk> of the <unk> and <unk> of the netherlands to the <unk> of the <unk> <eos>,positive
the company said it will be able to repay its n n stake in the next year <eos>,positive,the company said it expects to be a <unk> version of the company ' s n n stake in the next year <eos>,negative
the company said it expects to be a <unk> version of the company ' s n n stake in the next year <eos>,negative,the <unk> of the <unk> <unk> <unk> <unk> <unk> <unk> <unk> <unk> <unk> <unk> <unk> <unk> <unk> <unk> <unk> <unk> <unk> <unk> <unk> <unk> <unk> <unk> <unk> <unk> <unk> <unk> <unk> <unk> <unk> <unk> <unk> <unk> <unk> <unk> <unk> <unk> <unk> <unk> <unk> <unk> <unk> <unk> <unk> <unk> <unk> <unk>,positive
the company said it expects to report its quarterly dividend to $ n million or n cents a share from $ n million or n cents a share <eos>,positive,the company said it expects to report the company ' s n n stake in the third quarter <eos>,negative
the company said it expects to report the company ' s <unk> ordinance to the <unk> of the <unk> and <unk> of the <unk> of the company ' s <unk> <eos>,negative,the <unk> <unk> <unk> <unk> <unk> <unk> <unk> <unk> <unk> <unk> <unk> <unk> <unk> <unk> <unk> <unk> <unk> <unk> <unk> <unk> <unk> <unk> <unk> <unk> <unk> <unk> <unk> <unk> <unk> <unk> <unk> <unk> <unk> <unk> <unk> <unk> <unk> <unk> <unk> <unk> <unk> <unk> <unk> <unk> <unk> <unk> <unk> <unk> <unk>,positive
the company said it expects to report the <unk> of the <unk> of the <unk> of the <unk> and <unk> of the <unk> of the <unk> <eos>,negative,the <unk> of the <unk> of the <unk> <unk> <unk> <unk> <unk> <unk> <unk> <unk> <unk> <unk> <unk> <unk> <unk> <unk> <unk> <unk> <unk> <unk> <unk> <unk> <unk> <unk> <unk> <unk> <unk> ' s share of the year ' s stock market crash in the dow jones industrial average said,positive
the company said it will be able to concentrate on the <unk> of the <unk> and <unk> <unk> <eos>,positive,the company said it was n't <unk> because of the <unk> of the <unk> <unk> <unk> <unk> <unk> <unk> <unk> <unk> <unk> <unk> <unk> <unk> <unk> <unk> <unk> <unk> <unk> <eos>,negative
the <unk> of the <unk> is that the <unk> are <unk> by the end of the year <eos>,positive,the <unk> of the <unk> is the biggest problem <eos>,negative
the company said it will be able to sell its n n stake in the next year <eos>,positive,the company said it expects to report the company ' s earnings <eos>,negative
the company said it will be able to sell its <unk> and expertise in the next two years <eos>,positive,the company said it expects to report the company ' s <unk> division <eos>,negative
the company said it will be able to sell its n n stake in the next year <eos>,positive,the company said it expects to be a <unk> version of the company ' s n n <eos>,negative
the company said it expects to be <unk> to the <unk> of the <unk> <eos>,negative,the <unk> of the <unk> <unk> <unk> <unk> <unk> <unk> <unk> <unk> <unk> <unk> <unk> <unk> <unk> <unk> <unk> <unk> <unk> <unk> <unk> <unk> <unk> <unk> <unk> <unk> <unk> <unk> <unk> <unk> <unk> <unk> <unk> <unk> <unk> <unk> <unk> <unk> <unk> <unk> <unk> <unk> <unk> <unk> <unk> <unk> <unk> <unk>,positive
the company said it expects to report the company ' s n n stake in the third quarter <eos>,negative,the company said it expects to report the company ' s earnings and the company ' s earnings growth <eos>,positive
the company said it expects to report the company ' s <unk> division of the company ' s n n stake in the next year <eos>,negative,the company said it expects to report the company ' s n n stake in the next year <eos>,positive
<unk> is a <unk> <unk> <eos>,positive,the company is n't <unk> by the company ' s <unk> <eos>,negative
the company has been a <unk> <unk> in the past two years <eos>,positive,the company said it expects to report the company ' s <unk> <eos>,negative
the company said it will be able to concentrate on the <unk> of the <unk> <eos>,positive,the company said it expects to report the plant ' s <unk> <eos>,negative
the company said it was n't <unk> because of the <unk> of the <unk> <unk> <unk> <unk> <unk> <unk> <unk> <unk> <unk> <unk> <unk> <unk> <unk> <unk> <unk> <unk> <unk> <eos>,negative,the <unk> <unk> <unk> <unk> <unk> <unk> <unk> <unk> <unk> <unk> <unk> <unk> <unk> <unk> <unk> <unk> <unk> <unk> <unk> <unk> <unk> <unk> <unk> <unk> <unk> <unk> <unk> <unk> <unk> <unk> <unk> <unk> <unk> <unk> <unk> <unk> <unk> <unk> <unk> <unk> <unk> <unk> <unk> <unk> <unk> <unk> <unk> <unk> <unk>,positive
the company said it expects to report the company ' s earnings <eos>,negative,the company said it expects to report the company ' s earnings growth <eos>,positive
the <unk> of the <unk> of the <unk> of the <unk> of the <unk> of the <unk> market is <unk> by the end of the year <eos>,positive,the <unk> of the <unk> of the <unk> of the <unk> of the <unk> <unk> is the biggest problem in the past n days <eos>,negative
the company said it expects to report the company ' s earnings and the company ' s earnings growth <eos>,positive,the company said it expects to report the company ' s earnings growth in the quarter <eos>,negative
the company is n't <unk> by the company ' s <unk> <eos>,negative,the company has been a <unk> <unk> <eos>,positive
the company is <unk> by the <unk> of the <unk> <eos>,positive,the company said it expects to report the plant <eos>,negative
the company said it expects to report the <unk> of the <unk> <eos>,negative,the <unk> of the <unk> <unk> <unk> <unk> <unk> <unk> <unk> <unk> <unk> <unk> <unk> <unk> <unk> <unk> <unk> <unk> <unk> <unk> <unk> <unk> <unk> <unk> <unk> <unk> <unk> <unk> <unk> <unk> <unk> <unk> <unk> <unk> <unk> <unk> <unk> <unk> <unk> <unk> <unk> <unk> <unk> <unk> <unk> <unk> <unk> <unk>,positive
the company said it expects to report the company ' s earnings growth <eos>,positive,the company said it expects to report the loss of $ n million <eos>,negative
the company has n't been determined by the company ' s <unk> <eos>,positive,the company said it expects to report the plant <eos>,negative
the company said it expects to report the plant <eos>,negative,the <unk> <unk> <unk> <unk> <unk> <unk> <unk> <unk> <unk> <unk> <unk> <unk> <unk> <unk> <unk> <unk> <unk> <unk> <unk> <unk> <unk> <unk> <unk> <unk> <unk> <unk> <unk> <unk> <unk> <unk> <unk> <unk> <unk> <unk> <unk> <unk> <unk> <unk> <unk> <unk> <unk> <unk> <unk> <unk> <unk> <unk> <unk> <unk> <unk>,positive
